153,shedeursanders,12345678,Athlete,shedeursanders@gmail.com
154,michaelpenixjr,12345678,Athlete,michaelpenixjr@gmail.com
155,jaydendaniels,12345678,Athlete,jaydendaniels@gmail.com
156,carsonbeck,12345678,Athlete,carsonbeck@gmail.com
157,braydenschager,12345678,Athlete,braydenschager@gmail.com
158,bradycook,12345678,Athlete,braddycook@gmail.com
159,calebwilliams,12345678,Athlete,calebwilliams@gmail.com
160,braydenfowler,12345678,Athlete,braydenfowler@gmail.com
161,tjfinley,12345678,Athlete,tjfinley@gmail.com
162,tauliatagovailoa,12345678,Athlete,tauliatagovailoa@gmail.com
163,jacobzeno,12345678,Athlete,jacobzeno@gmail.com
164,drakemaye,12345678,Athlete,drakemaye@gmail.com
165,jackplummer,12345678,Athlete,jackplummer@gmail.com
166,grahammertz,12345678,Athlete,grahammertz@gmail.com
167,davisbrin,12345678,Athlete,davisbrin@gmail.com
168,dillongabriel,12345678,Athlete,dillongabriel@gmail.com
169,samhartman,12345678,Athlete,samhartman@gmail.com
170,jtdaniels,12345678,Athlete,jtdaniels@gmail.com
171,nicholasvattiato,12345678,Athlete,nicholasvattiato@gmail.com
172,bonix,12345678,Athlete,bonix@gmail.com
173,kimanividal,12345678,Athlete,kimanividal@gmail.com
175,penyboone,12345678,Athlete,penyboone@gmail.com
176,audricestime,12345678,Athlete,audricestime@gmail.com
177,tahjbrooks,12345678,Athlete,tahjbrooks@gmail.com
178,raydavis,12345678,Athlete,raydavis@gmail.com
179,emanibailey,12345678,Athlete,emanibailey@gmail.com
180,marcuscarroll,12345678,Athlete,marcuscarroll@gmail.com
181,jonathonbrooks,12345678,Athlete,jonathonbrooks@gmail.com
182,ismailmahdi,12345678,Athlete,ismailmahdi@gmail.com
183,omarionhampton,12345678,Athlete,omarionhampton@gmail.com
184,logandiggs,12345678,Athlete,logandiggs@gmail.com
185,thomascastellanos,12345678,Athlete,thomascastellanos@gmail.com
186,lequintallen,12345678,Athlete,lequintallen@gmail.com
187,makhihughes,12345678,Athlete,makhihughes@gmail.com
188,kaidonsalter,12345678,Athlete,kaidonsalter@gmail.com
189,devinmockobee,12345678,Athlete,devinmockobee@gmail.com
190,buckyirving,12345678,Athlete,buckyirving@gmail.com
191,blakecorum,12345678,Athlete,blakecorum@gmail.com
192,marshawnlloyd,12345678,Athlete,marshawnlloyd@gmail.com
193,graysonmccall,12345678,Athlete,graysonmccall@gmail.com
194,joeyaguilar,12345678,Athlete,joeyaguilar@gmail.com
195,benbryant,12345678,Athlete,benbryant@gmail.com
196,prestonstone,12345678,Athlete,prestonstone@gmail.com
197,willhoward,12345678,Athlete,willhoward@gmail.com
199,wesleywilliams,12345678,Athlete,wesleywilliams@gmail.com
200,ikelarsen,12345678,Athlete,ikelarsen@gmail.com
201,matthewdennis,12345678,Athlete,matthewdennis@gmail.com
202,johnlove,12345678,Athlete,johnlove@gmail.com
203,ajhoggard,12345678,Athlete,ajhoggard@gmail.com
204,maxfiedler,12345678,Athlete,maxfiedler@gmail.com
205,reecebeekman,12345678,Athlete,reecebeekman@gmail.com
206,elijahhawkins,12345678,Athlete,elijahhawkins@gmail.com
207,primospears,12345678,Athlete,primospears@gmail.com
208,andrejacksonjr,12345678,Athlete,andrejacksonjr@gmail.com
209,adembona,12345678,Athlete,adembona@gmail.com
210,berkebuyuktuncel,12345678,Athlete,berkebuyuktuncel@gmail.com
211,efegucoglu,12345678,Athlete,efegucoglu@gmail.com
212,stanleyborden,12345678,Athlete,stanleyborden@gmail.com
213,emirbuyukhanli,12345678,Athlete,emirbuyukhanli@gmail.com
214,derinsaran,12345678,Athlete,derinsaran@gmail.com
215,zachedey,12345678,Athlete,zachedey@gmail.com
198,jordantravis,12345678,Athlete,jordantravis@gmail.com
174,ashtonjeanty,12345678,Athlete,ashtonjeanty@gmail.com
216,turkishairlines,12345678,Company,sponsorship@turkishairlines.com
218,nike,12345678,Company,sponsorship@nike.com
219,walmart,12345678,Company,sponsorship@walmart.com
220,amazon,12345678,Company,sponsorship@amazon.com
221,apple,12345678,Company,sponsorship@apple.com
222,microsoft,12345678,Company,sponsorship@microsoft.com
223,costco,12345678,Company,sponsorship@costco.com
224,ford,12345678,Company,sponsorship@ford.com
225,generalmotors,12345678,Company,sponsorship@generalmotors.com
226,homedepot,12345678,Company,sponsorship@homedepot.com
227,verizon,12345678,Company,sponsorship@verizon.com
228,target,12345678,Company,sponsorship@target.com
229,pfizer,12345678,Company,sponsorship@pfizer.com
230,dell,12345678,Company,sponsorship@dell.com
231,fedex,12345678,Company,sponsorship@fedex.com
232,pepsi,12345678,Company,sponsorship@pepsi.com
233,tesla,12345678,Company,sponsorship@tesla.com
234,wellsfargo,12345678,Company,sponsorship@wellsfargo.com
235,sysco,12345678,Company,sponsorship@sysco.com
236,boeing,12345678,Company,sponsorship@boeing.com
237,intel,12345678,Company,sponsorship@intel.com
238,hp,12345678,Company,sponsorship@hp.com
239,cisco,12345678,Company,sponsorship@cisco.com
240,adidas,12345678,Company,sponsorship@adidas.com
241,bestbuy,12345678,Company,sponsorship@bestbuy.com
242,cocacola,12345678,Company,sponsorship@cocacola.com
243,oracle,12345678,Company,sponsorship@oracle.com
244,gucci,12345678,Company,sponsorship@gucci.com
245,dior,12345678,Company,sponsorship@dior.com
246,chanel,12345678,Company,sponsorship@chanel.com
247,burberry,12345678,Company,sponsorship@burberry.com
248,prada,12345678,Company,sponsorship@prada.com
249,rolex,12345678,Company,sponsorship@rolex.com
250,fendi,12345678,Company,sponsorship@fendi.com
251,versace,12345678,Company,sponsorship@pversace.com
252,kenzo,12345678,Company,sponsorship@kenzo.com
253,jeep,12345678,Company,sponsorship@jeep.com
254,honda,12345678,Company,sponsorship@honda.com
255,porsche,12345678,Company,sponsorship@porsche.com
256,lexus,12345678,Company,sponsorship@lexus.com
257,toyota,12345678,Company,sponsorship@toyota.com
258,bmw,12345678,Company,sponsorship@bmw.com
259,mercedesbenz,12345678,Company,sponsorship@mercedesbenz.com
260,audi,12345678,Company,sponsorship@audi.com
261,togg,12345678,Company,sponsorship@togg.com
262,volvo,12345678,Company,sponsorship@volvo.com
263,hyundai,12345678,Company,sponsorship@hyundai.com
264,underarmour,12345678,Company,sponsorship@underarmour.com
265,lacoste,12345678,Company,sponsorship@lacoste.com
266,tommyhilfiger,12345678,Company,sponsorship@tommyhilfiger.com
267,joshuamorgan,12345678,Athlete,joshuamorgan@gmail.com
268,amariwilliams,12345678,Athlete,amariwilliams@gmail.com
269,justinabson,12345678,Athlete,justinabson@gmail.com
270,donovanclingan,12345678,Athlete,donovanclingan@gmail.com
271,akokakok,12345678,Athlete,akokakok@gmail.com
272,hunterdickinson,12345678,Athlete,hunterdickinson@gmail.com
273,zachaustin,12345678,Athlete,zachaustin@gmail.com
274,adamasanogo,12345678,Athlete,adamasanogo@gmail.com
275,elijahpepper,12345678,Athlete,elijahpepper@gmail.com
276,caleblove,12345678,Athlete,caleblove@gmail.com
277,seanpedulla,12345678,Athlete,seanpedulla@gmail.com
278,sionjames,12345678,Athlete,sionjames@gmail.com
279,elifistanbulluoglu,12345678,Athlete,elifistanbulluoglu@gmail.com
280,derinerdogan,12345678,Athlete,derinerdogan@gmail.com
282,angelreese,12345678,Athlete,angelreese@gmail.com
283,haileyvanlith,12345678,Athlete,haileyvanlith@gmail.com
284,abbeyhsu,12345678,Athlete,abbeyhsu@gmail.com
285,cameronbrink,12345678,Athlete,cameronbrink@gmail.com
286,rayahmarshall,12345678,Athlete,rayahmarshall@gmail.com
287,amiyajoyner,12345678,Athlete,amiyajoyner@gmail.com
288,kamillacardoso,12345678,Athlete,kamillacardoso@gmail.com
289,caitlinweimar,12345678,Athlete,caitlinweimar@gmail.com
290,mariagakdeng,12345678,Athlete,mariagakdeng@gmail.com
291,phillipinakyei,12345678,Athlete,phillipinakyei@gmail.com
292,danaemcneal,12345678,Athlete,danaemcneal@gmail.com
293,leilanikapinus,12345678,Athlete,leilanikapinus@gmail.com
294,elliemitchell,12345678,Athlete,elliemitchell@gmail.com
295,aaliyahcollins,12345678,Athlete,aaliyahcollins@gmail.com
296,maleiabracone,12345678,Athlete,maleiabracone@gmail.com
297,diabakonate,12345678,Athlete,diabakonate@gmail.com
298,tiarrabrown,12345678,Athlete,tiarrabrown@gmail.com
299,deedeehagemann,12345678,Athlete,deedeehagemann@gmail.com
300,cotiemcmahon,12345678,Athlete,cotiemcmahon@gmail.com
301,mekkenaboyd,12345678,Athlete,mekkenaboyd@gmail.com
302,naudiaevans,12345678,Athlete,naudiaevans@gmail.com
303,nikkitom,12345678,Athlete,nikkitom@gmail.com
281,caitlinclark,12345678,Athlete,caitlinclark@gmail.com
304,jasonshokalook,12345678,Athlete,jasonshokalook@gmail.com
305,tyresespicer,12345678,Athlete,tyresespicer@gmail.com
306,forsterajago,12345678,Athlete,forsterajago@gmail.com
307,luisflores,12345678,Athlete,luisflores@gmail.com
308,alexharris,12345678,Athlete,alexharris@gmail.com
309,alechughes,12345678,Athlete,alechughes@gmail.com
310,camilazzamruiz,12345678,Athlete,camilazzamruiz@gmail.com
311,taylorcalheira,12345678,Athlete,taylorcalheira@gmail.com
312,ryancarmichael,12345678,Athlete,ryancarmichael@gmail.com
313,jelldrikdallmann,12345678,Athlete,jelldrikdallmann@gmail.com
314,loganfarrington,12345678,Athlete,loganfarrington@gmail.com
315,nicolaschateau,12345678,Athlete,nicolaschateau@gmail.com
316,pietrofontana,12345678,Athlete,pietrofontana@gmail.com
317,halelombard,12345678,Athlete,halelombard@gmail.com
318,jamesmorris,12345678,Athlete,jamesmorris@gmail.com
319,dylansing,12345678,Athlete,dylansing@gmail.com
320,benzakowski,12345678,Athlete,benzakowski@gmail.com
321,jacobbabalai,12345678,Athlete,jacobbabalai@gmail.com
322,marcuscaldeira,12345678,Athlete,marcuscaldeira@gmail.com
323,nikolairojel,12345678,Athlete,nikolairojel@gmail.com
324,stephengyamfi,12345678,Athlete,stephengyamfi@gmail.com
325,danielittycheria,12345678,Athlete,danielittycheria@gmail.com
326,lukeeberle,12345678,Athlete,lukeeberle@gmail.com
327,barzeeblama,12345678,Athlete,barzeeblama@gmail.com
328,jacobmurrell,12345678,Athlete,jacobmurrell@gmail.com
329,eleanordale,12345678,Athlete,eleanordale@gmail.com
330,giannagourley,12345678,Athlete,giannagourley@gmail.com
331,leximissimo,12345678,Athlete,leximissimo@gmail.com
332,trinitybyars,12345678,Athlete,trinitybyars@gmail.com
333,kellibeiler,12345678,Athlete,kellibeiler@gmail.com
334,meleaearley,12345678,Athlete,meleaearley@gmail.com
335,oliviafout,12345678,Athlete,oliviafout@gmail.com
336,jasminehamid,12345678,Athlete,jasminehamid@gmail.com
337,eceturkoglu,12345678,Athlete,eceturkoglu@gmail.com
338,ashleymerrill,12345678,Athlete,ashleymerrill@gmail.com
339,taylorwhite,12345678,Athlete,taylorwhite@gmail.com
340,catherinebarry,12345678,Athlete,catherinebarry@gmail.com
341,jessiehunt,12345678,Athlete,jessiehunt@gmail.com
342,megboade,12345678,Athlete,megboade@gmail.com
343,aoikataoka,12345678,Athlete,aoikataoka@gmail.com
344,josefinehasbo,12345678,Athlete,josefinehasbo@gmail.com
345,nayamarcil,12345678,Athlete,nayamarcil@gmail.com
346,josieaulicino,12345678,Athlete,josieaulicino@gmail.com
347,jennatobia,12345678,Athlete,jennatobia@gmail.com
348,nikaylasmall,12345678,Athlete,nikaylasmall@gmail.com
349,izziwood,12345678,Athlete,izziwood@gmail.com
350,pietratordin,12345678,Athlete,pietratordin@gmail.com
351,mayadoms,12345678,Athlete,mayadoms@gmail.com
352,allysentnor,12345678,Athlete,allysentnor@gmail.com
353,brittanyraphino,12345678,Athlete,brittanyraphino@gmail.com
